"0. 귀하의 연령대가 어떻게 되나요?","1. 귀하는 어떤 여행을 선호 하는 편인가요?","2. 국내여행 혹은 해외여행을 더 선호하시는 이유는 무엇인가요?","3. 귀하는 여행의 목적은 무엇인가요?","4. 여행가기전 정보조사를 어느 매체를 통해 하십니까?","5. 귀하는 국내여행을 간다면 어디로 가시겠습니까?","6. 위에 고르신 지역 중 구체적으로 어디 여행을 하고싶은지 적어주세요","7. 귀하가 충청권(충청북도, 충청남도, 대전, 세종)을 고르지 않으신 이유는?","8.  충청권(충청북도, 충청남도, 대전, 세종)의 여행지로서 이미지는 어떤가요?","9. 충청권(충청북도, 충청남도, 대전, 세종) 여행을 해보신 적이 있으면 아쉬웠던점 적어주세요"
"20대","해외여행","","맛집탐방	즐길거리(카페 및 놀거리 등)	쇼핑	관광지	휴양(호캉스 포함)	자연(강,바다,산,호수)","SNS(페이스북, 인스타그램)	책	지인 추천","경상도 지역(ex. 부산, 대구, 포항 등)","대구 부산","즐길거리가 부족해서	관광지가 부족해서","너무 4050나이대의 사람들에게만 초점이 맞춰진 관광ㅈ, 행사들이 많다. 그리고 대전 엑스포 폐쇄와 더불어 세종시의 행정적 기능때문에 관광으로서의 기능이 상대적으로떨어져서 별로다",""
"20대","해외여행","","맛집탐방	쇼핑	관광지	관광지가 1차적으로 사람을 모이게 한다면 맛집이 사람들을 다시 방문하게 하거나 더 많이 방문하게 하는것 같습니다.","블로그	카페	여행사 사이트","경상도 지역(ex. 부산, 대구, 포항 등)","부산, 제주도","맛집 탐방할 곳이 없는거 같아서	충청권에 대한 정보부족	가장 큰 이유는 정보부족인 것 같습니다. 충청권에 놀러가면 뭘 할 수 있는지 뭐가 유명한지 아는게 별로 없어서 여행을 가야겠다는 생각을 안해본 것 같습니다.","아주 유명한 관광지가 한개라도 생겨서 사람들이 찾다보면 여행지로서의 인식이 생기겠지만 현재로써는 여행지의 이미지는 거의 없는 것 같습니다.",""
"20대","국내여행","해외여행이 국내와는 다르게 새로운 문화를 접할 수 있어서 ","즐길거리(카페 및 놀거리 등)	쇼핑	휴양(호캉스 포함)","SNS(페이스북, 인스타그램)	블로그	책","전라도 지역(ex. 전주, 여수, 순천 등)","저는 주녕이랑 여수요 ♥","즐길거리가 부족해서	휴양하기에 적합하지 않아서	충청권에 대한 정보부족","노잼도시..","여행을 해본 적이 없떠요!"
"20대","해외여행","이국적인 느낌이 좋아서","맛집탐방	즐길거리(카페 및 놀거리 등)	관광지	휴양(호캉스 포함)	자연(강,바다,산,호수)","SNS(페이스북, 인스타그램)	블로그","제주도","시장","즐길거리가 부족해서","놀게없다",""
"20대","해외여행","경치가 예뻐서","자연(강,바다,산,호수)","블로그","강원도 지역(ex. 속초, 양양, 강릉 등)","강릉","즐길거리가 부족해서","바다가 없다",""
"20대","국내여행","없음","맛집탐방	즐길거리(카페 및 놀거리 등)	휴양(호캉스 포함)	자연(강,바다,산,호수)","SNS(페이스북, 인스타그램)","강원도 지역(ex. 속초, 양양, 강릉 등)","강릉","즐길거리가 부족해서	관광지가 부족해서	휴양하기에 적합하지 않아서	충청권에 대한 정보부족","재미가 없고 놀거리가 없다.",""
"20대","해외여행","새로운 경험을 할 수 있어서","맛집탐방	즐길거리(카페 및 놀거리 등)	쇼핑	관광지	휴양(호캉스 포함)	자연(강,바다,산,호수)","카페	지인 추천","경상도 지역(ex. 부산, 대구, 포항 등)","부산","관광지가 부족해서	휴양하기에 적합하지 않아서","노잼도시",""
"20대","국내여행","국내여행이 뭔가 더 정이감","맛집탐방	즐길거리(카페 및 놀거리 등)	쇼핑	관광지	휴양(호캉스 포함)	자연(강,바다,산,호수)","SNS(페이스북, 인스타그램)	블로그	지인 추천	여행사 사이트","제주도","푸른 바다보고싶다","즐길거리가 부족해서	관광지가 부족해서","여행지로서는 그냥 맛집?",""
"20대","국내여행","가성비","즐길거리(카페 및 놀거리 등)	휴양(호캉스 포함)","SNS(페이스북, 인스타그램)	블로그	카페	지인 추천","강원도 지역(ex. 속초, 양양, 강릉 등)","태백, 정선 등 숲이 많은 곳","즐길거리가 부족해서	관광지가 부족해서	휴양하기에 적합하지 않아서","노잼",""
"20대","해외여행","국내에서 느끼지 못하는 점을 느낄 수 있어서","관광지	휴양(호캉스 포함)	자연(강,바다,산,호수)","SNS(페이스북, 인스타그램)	블로그	지인 추천","강원도 지역(ex. 속초, 양양, 강릉 등)","동해바다","휴양하기에 적합하지 않아서","서울과 가까우며 볼게 없다",""
"20대","해외여행","다른나라의 문화를 경험해볼 수 있어서 잼써영 그리구 저는 휴양지를 선호하는데 우리나라에선 휴양을 위한 여행지는 별로 없다고 생각합니다 휴양지는 뭐니뭐니해도 발리 하와이~!","맛집탐방	즐길거리(카페 및 놀거리 등)	관광지	휴양(호캉스 포함)","SNS(페이스북, 인스타그램)	블로그	지인 추천","제주도","성산일출봉이랑 포방터돈까스 먹구시퍼여ㅠㅠ 그리고 유채꽃밭에서 인생샷찍고싶어요 또 귤모자쓰고 귤포토존에서 사진찍구 면세점에서 2차로 여행을 즐기겠어요.","충청권에 대한 정보부족","충청권으로 여행가는 사람을 많이 못봐서 여행지같진 않다 그냥 사람사는동네 살기좋은 도시","없음"
"20대","국내여행","국내에도 숨은 명소가 많다. 한국스러운 감성과 아름다움을 느낄 수 있다.","맛집탐방	즐길거리(카페 및 놀거리 등)	휴양(호캉스 포함)","SNS(페이스북, 인스타그램)	블로그	카페","경상도 지역(ex. 부산, 대구, 포항 등)","대구","맛집 탐방할 곳이 없는거 같아서	즐길거리가 부족해서	충청권에 대한 정보부족","그냥 그렇다.",""
"20대","해외여행","새로움","관광지	휴양(호캉스 포함)","블로그","강원도 지역(ex. 속초, 양양, 강릉 등)","강릉","즐길거리가 부족해서","별로 볼게 없는것 같다",""
"20대","해외여행","새로운 문화 경험","관광지	휴양(호캉스 포함)	자연(강,바다,산,호수)","블로그	지인 추천	여행사 사이트","경상도 지역(ex. 부산, 대구, 포항 등)","부산","즐길거리가 부족해서	휴양하기에 적합하지 않아서	충청권에 대한 정보부족","유명하지 않고 놀거리가 없다",""
"20대","국내여행","부담없이 다녀올수 있어서","맛집탐방	즐길거리(카페 및 놀거리 등)	관광지	자연(강,바다,산,호수)","SNS(페이스북, 인스타그램)	책	지인 추천","경상도 지역(ex. 부산, 대구, 포항 등)","부산 또는 해안도로","충청권에 대한 정보부족","여행지라는 이미지가 없는거 같아요",""
"20대","국내여행","가깝고 즉흥적 여행이 가능하다.","맛집탐방	즐길거리(카페 및 놀거리 등)	자연(강,바다,산,호수)","블로그","제주도","제주 서부 (한림)","충청권에 대한 정보부족","충북 내륙에 산 관련 여행을 해 볼 수 있을 것 같다",""
"20대","해외여행","새롭누","맛집탐방	즐길거리(카페 및 놀거리 등)	관광지	자연(강,바다,산,호수)","SNS(페이스북, 인스타그램)	블로그	카페	여행사 사이트","제주도","애월","충청권에 대한 정보부족","조용","할게 없누"
"20대","국내여행","한국에 의외로 볼 게 많아요 그러고 해외 갈 돈이 없습니다!","맛집탐방	즐길거리(카페 및 놀거리 등)	관광지	휴양(호캉스 포함)","SNS(페이스북, 인스타그램)	블로그","강원도 지역(ex. 속초, 양양, 강릉 등)","강릉 바다","즐길거리가 부족해서","여행지로 생각하기엔 다른 지역이 더 좋고 관광지로 유명합니다",""
"20대","국내여행","해외경험이 없어서 두려움","맛집탐방	즐길거리(카페 및 놀거리 등)	관광지	휴양(호캉스 포함)","SNS(페이스북, 인스타그램)	블로그	카페","전라도 지역(ex. 전주, 여수, 순천 등)","여수","충청권에 현재 거주중","평화로워요 놀러오세요","성심당이 전부가 아님"
"20대","여행을 좋아하지 않음","없음","맛집탐방	즐길거리(카페 및 놀거리 등)	관광지	휴양(호캉스 포함)","SNS(페이스북, 인스타그램)	여행사 사이트","경기도 지역(ex. 가평, 파주, 수원 등)","가평","즐길거리가 부족해서	관광지가 부족해서","노잼도시..",""
"20대","해외여행","흔치 않기 때문","맛집탐방	휴양(호캉스 포함)	자연(강,바다,산,호수)","블로그","강원도 지역(ex. 속초, 양양, 강릉 등)","가깝습니다","충청권에 대한 정보부족","여행지로서의 이미지는 아닙니다.",""
"20대","국내여행","급여행 떠나기 좋아요","휴양(호캉스 포함)	자연(강,바다,산,호수)","네이버 추천여행지","강원도 지역(ex. 속초, 양양, 강릉 등)","속초","즐길거리가 부족해서	관광지가 부족해서	휴양하기에 적합하지 않아서	충청권에 대한 정보부족","떠오르는 랜드마크가 없어요",""
"20대","해외여행","국내여행은 언제든 갈수있기때문에 젊을때 다양한 경험을 할 수 있는 해외여행을 선호","맛집탐방	관광지	자연(강,바다,산,호수)","SNS(페이스북, 인스타그램)	블로그	카페	지인 추천","강원도 지역(ex. 속초, 양양, 강릉 등)","강릉","맛집 탐방할 곳이 없는거 같아서	즐길거리가 부족해서	관광지가 부족해서","살기 좋은 지역(살기만좋은지역)","자연을 좋아하는데 탁트인 풍경을 볼수 있는곳이 제한적"
"20대","국내여행","오고 가는 시간과 과정이 힘들어서","맛집탐방	즐길거리(카페 및 놀거리 등)	관광지	휴양(호캉스 포함)	자연(강,바다,산,호수)","SNS(페이스북, 인스타그램)	블로그","전라도 지역(ex. 전주, 여수, 순천 등)","여수","살고있는 지역이라 식상해서","애매한 위치","그럭저럭 평범하다"
"20대","해외여행","비행기타고 나가는게 좋아서","관광지	휴양(호캉스 포함)	[기타]","블로그	지인 추천","강원도 지역(ex. 속초, 양양, 강릉 등)","평택","충청권에 대한 정보부족","여행지로 가기 애매한것같다.",""
"20대","국내여행","국내가 더 편함","관광지","블로그","제주도","제주도","즐길거리가 부족해서","별로",""
"20대","해외여행","국내와는 색다른 매력","맛집탐방	휴양(호캉스 포함)	자연(강,바다,산,호수)","SNS(페이스북, 인스타그램)	블로그","강원도 지역(ex. 속초, 양양, 강릉 등)","강원도 양양","관광지가 부족해서	휴양하기에 적합하지 않아서	딱히 갈데가 읎어요"," 마운틴? 대천? 고복저수지 ..","여행가기전에 찾아볼 정보가 부족해욤"
"20대","국내여행","저렴이 가성비 !","맛집탐방	관광지	휴양(호캉스 포함)	자연(강,바다,산,호수)","SNS(페이스북, 인스타그램)	블로그	카페","경상도 지역(ex. 부산, 대구, 포항 등)","부산","맛집 탐방할 곳이 없는거 같아서	관광지가 부족해서	휴양하기에 적합하지 않아서","딱히 유명하진 않다?",""
"20대","해외여행","색다른 분위기/현지 음식","즐길거리(카페 및 놀거리 등)	쇼핑	관광지","SNS(페이스북, 인스타그램)	여행사 사이트	[기타]","경상도 지역(ex. 부산, 대구, 포항 등)","부산","즐길거리가 부족해서	휴양하기에 적합하지 않아서	충청권에 대한 정보부족","노잼 도시/할 거 없음",""
"20대","국내여행","해외보다 가기 편리해요˃̵͈̑ᴗ˂̵͈̑","맛집탐방	즐길거리(카페 및 놀거리 등)	휴양(호캉스 포함)	자연(강,바다,산,호수)","SNS(페이스북, 인스타그램)	블로그	지인 추천","충청도 지역(ex. 청주, 대전, 세종 등)","대전","충청권을 골랐다","가볍게 놀러가기 좋아요!",""
"20대","해외여행","뭔가 다른 정서를 체엄할수 있어서","맛집탐방	휴양(호캉스 포함)	자연(강,바다,산,호수)","블로그	책	지인 추천","제주도","올레길","충청권에 대한 정보부족","추천받아본적이없습니다",""
"20대","해외여행","비행기 떨레요","휴양(호캉스 포함)","블로그	여행사 사이트","제주도","서귀포시","휴양하기에 적합하지 않아서","노잼도시",""
"20대","해외여행","국내여행을 하는 것보다 해외여행을 하는게 직접적, 간접적으로 얻을 것이 더 많고 많은 문화를 체험하면서 생각의 폭을 넓힐 수 있어서 해외여행을 더 선호합니다.","관광지","카페	책	지인 추천","경상도 지역(ex. 부산, 대구, 포항 등)","경주","즐길거리가 부족해서","다른 지역권에 비해 즐길거리가 부족한 이미지",""
"20대","해외여행","우리나라에서는 경험할 수 없는 다양한 문화나 볼거리가 있음","맛집탐방	즐길거리(카페 및 놀거리 등)	쇼핑	관광지	휴양(호캉스 포함)	자연(강,바다,산,호수)","SNS(페이스북, 인스타그램)	여행사 사이트","강원도 지역(ex. 속초, 양양, 강릉 등)","강릉 ","즐길거리가 부족해서	충청권에 대한 정보부족","대전은 노잼도시로 유명하고, 충청권은 대체로 여행지로 알려지거나 유명한 곳은 아닌것 같다",""
"20대","국내여행","해외여행은 비용이 많이 들어서","맛집탐방	관광지","SNS(페이스북, 인스타그램)	블로그","강원도 지역(ex. 속초, 양양, 강릉 등)","강릉","즐길거리가 부족해서	충청권에 대한 정보부족","아는 것이 별로 없음",""
"20대","해외여행","국내는 다 가본거 같고 국내여행비나 해외여행비나 비슷해서 그럴바엔 해외를 간다 ","맛집탐방	즐길거리(카페 및 놀거리 등)	휴양(호캉스 포함)	자연(강,바다,산,호수)","SNS(페이스북, 인스타그램)	블로그	여행사 사이트","강원도 지역(ex. 속초, 양양, 강릉 등)","요즘 핫한 양양 ","맛집 탐방할 곳이 없는거 같아서	즐길거리가 부족해서	관광지가 부족해서","재미가 없을 것 같다","대전을 놀러 갔는데 주변 놀거리가 없었다"
"20대","국내여행","해외여행에 비해 비용과 시간이 더 절약되고 익숙한 환경이기 때문에","맛집탐방	즐길거리(카페 및 놀거리 등)	관광지	휴양(호캉스 포함)	자연(강,바다,산,호수)","SNS(페이스북, 인스타그램)	블로그","제주도","제주시","충청권에 대한 정보부족","재미없다는 소문이,,",""
"20대","해외여행","여러곳을 경험해보고 싶어서욤","즐길거리(카페 및 놀거리 등)	자연(강,바다,산,호수)","SNS(페이스북, 인스타그램)	블로그	지인 추천","경상도 지역(ex. 부산, 대구, 포항 등)","부산 광안리에 가고싶네욤","즐길거리가 부족해서","잘 모르겠어요..","없음"
"20대","해외여행","해외에 나가면 다양한사람들과 교류를 할수있고 대한민국에 없는 세계 명소들을 가볼수있어서 해외여행을 더 선호하는 편입니다.","맛집탐방	즐길거리(카페 및 놀거리 등)	관광지	휴양(호캉스 포함)","SNS(페이스북, 인스타그램)	여행사 사이트","제주도","서귀포를 가보고싶습니다.","다 가본곳입니다.","딱히 유명한곳은 없지만 잘 찾아보면 힐링장소가 있을꺼같습니다.","우와 여기 진짜 다음에도 또 한번 오고싶다? 이런곳이 없었습니다."
"20대","국내여행","국내를 많이 돌아보지 못했기 때문에","휴양(호캉스 포함)	자연(강,바다,산,호수)","딱히 조사는 많이 안하는편","제주도","제주도를 한번도 안가봐서 그냥 두루두루 돌아다니고싶음","제가 대전에살아서요","특출난 무언가가 없다?",""
"20대","해외여행","국내보다 새롭고, 비행기타는게 좋고, 좀더 호화롭게 여행해서","맛집탐방	즐길거리(카페 및 놀거리 등)	관광지	휴양(호캉스 포함)","SNS(페이스북, 인스타그램)	블로그	카페	여행사 사이트","강원도 지역(ex. 속초, 양양, 강릉 등)","강릉 맛집이많대서","맛집 탐방할 곳이 없는거 같아서	즐길거리가 부족해서	관광지가 부족해서	충청권에 대한 정보부족","노잼도시",""
"20대","국내여행","가깝다","즐길거리(카페 및 놀거리 등)	휴양(호캉스 포함)	자연(강,바다,산,호수)","블로그	여행사 사이트","강원도 지역(ex. 속초, 양양, 강릉 등)","바다","충청권에 대한 정보부족","뭐가있는지 모르겠다",""
"20대","해외여행","비행기를 타고 다른나라에 간다는것 자체가 좋음","즐길거리(카페 및 놀거리 등)	쇼핑	관광지	휴양(호캉스 포함)","블로그","경기도 지역(ex. 가평, 파주, 수원 등)","가평 빠지","즐길거리가 부족해서	휴양하기에 적합하지 않아서	충청권에 대한 정보부족","여행지라는 느낌이 안듦","없음"
"20대","해외여행","새로운 언어, 문화, 경험","휴양(호캉스 포함)","SNS(페이스북, 인스타그램)","제주도","세부","휴양하기에 적합하지 않아서","그냥 그럼",""
"20대","해외여행","외국 정서를 몸소 느끼는게 좋아서","맛집탐방	즐길거리(카페 및 놀거리 등)	쇼핑	휴양(호캉스 포함)","SNS(페이스북, 인스타그램)	블로그	지인 추천","강원도 지역(ex. 속초, 양양, 강릉 등)","양양 서피비치 ~~~","충청권에 대한 정보부족","노잼도시 ㅎㅎ",""
"20대","국내여행","짧은시간에 다녀올 수 있어서","맛집탐방	즐길거리(카페 및 놀거리 등)","SNS(페이스북, 인스타그램)	지인 추천","전라도 지역(ex. 전주, 여수, 순천 등)","담양","즐길거리가 부족해서	관광지가 부족해서","노잼","다른 유명관광지에 비해 볼 것이 많지 않다"
"20대","해외여행","다른 문화(음식,관광지등)","맛집탐방	쇼핑	관광지	휴양(호캉스 포함)","블로그	카페","제주도","본래 서울에는 없는 다른 분위기가 있는곳 ex)바다,분위기등","즐길거리가 부족해서	휴양하기에 적합하지 않아서	충청권에 대한 정보부족","알아보지 않아 잘모르겠다.(다른 곳에 비해 홍보,마케팅이 부족한듯)",""
"20대","국내여행","멀리여행갔다오면 앓아누워서요","맛집탐방","같이가는 일행이 가자는데로 갑니다","경상도 지역(ex. 부산, 대구, 포항 등)","부산이요 부산음식이 제입맛에 맞는게 많습니다","충청도에 있는건 다른동네에 있는느낌? ","친구들이랑 여행갈곳에 대해 얘기할때 웬만하면 얘기가안나오는곳",""
"20대","해외여행","우리나라에선 볼 수 없는 색다른 경험을 하는것이 좋기 때문.","맛집탐방	즐길거리(카페 및 놀거리 등)	휴양(호캉스 포함)","SNS(페이스북, 인스타그램)	카페	지인 추천	여행사 사이트","경상도 지역(ex. 부산, 대구, 포항 등)","부산과 대구로 즐길거리 탐방.","맛집 탐방할 곳이 없는거 같아서	즐길거리가 부족해서	관광지가 부족해서	휴양하기에 적합하지 않아서	충청권에 대한 정보부족","조용하고 놀것이 없는 여행지","너무 발전되지 않은 도심속에 있는 기분이다."
"20대","해외여행","제가 느끼지 못한 분위기를 더 느낄 수 있어서에요!","즐길거리(카페 및 놀거리 등)	관광지	휴양(호캉스 포함)	자연(강,바다,산,호수)","SNS(페이스북, 인스타그램)	블로그	카페","경상도 지역(ex. 부산, 대구, 포항 등)","부산 경포대에서 구수한 사투리를 느끼고싶어요","충청권에 대한 정보부족","경기도 꽤 가까운 거리기에 여행지의 이미지가 크게 없는 것 같다! (당일치기로 적합)","가까운거리가 장점이 되고 단점이기도 한 것 같다"
"20대","해외여행","인생의 시간을 늦추기 위해 새로운 환경이 필요하기 때문.","관광지	자연(강,바다,산,호수)","블로그	책	지인 추천","제주도","서귀포시","충청권 음식은 전부 맛이 없었다.","“여행지”가 아니다.","공통적으로 음식이 너무 맛이 없었다. (식당과 집밥 모두 포함)"
"20대","국내여행","말 잘 통해서","맛집탐방	휴양(호캉스 포함)	자연(강,바다,산,호수)","SNS(페이스북, 인스타그램)	블로그	카페","전라도 지역(ex. 전주, 여수, 순천 등)","전라도 밥상 먹고싶어요..","맛집 탐방할 곳이 없는거 같아서	즐길거리가 부족해서	휴양하기에 적합하지 않아서","슬로우 시티.. 모든게 느릿느릿하다","잘 알려진 명소들이 부족하다"
"20대","국내여행","계획을 짜고 이행하기에 해외보다 저렴하고 수월해서","맛집탐방	관광지	휴양(호캉스 포함)	자연(강,바다,산,호수)","SNS(페이스북, 인스타그램)	블로그	지인 추천","경상도 지역(ex. 부산, 대구, 포항 등)","포항","즐길거리가 부족해서	관광지가 부족해서	충청권에 대한 정보부족","타 지역에 비해 특색이 뚜렸하지 않고 재미요소가 반감되는 느낌이 있어요","대전에 다녀왔는데, 성심당 말고 즐길게 딱히,,,없었어요. 특색있는 포인트가 더해졌으면 하는 아쉬움이 남았습니다."
"20대","해외여행","한번도안가봐서ㅠ","맛집탐방	즐길거리(카페 및 놀거리 등)	쇼핑	관광지	휴양(호캉스 포함)	자연(강,바다,산,호수)","SNS(페이스북, 인스타그램)	블로그	지인 추천","제주도","다 !","충청권에 대한 정보부족","할게 뭐가있늠지 몰라유",""
"20대","국내여행","짧게 갔다오기 편해서","맛집탐방	관광지	자연(강,바다,산,호수)","SNS(페이스북, 인스타그램)	블로그	지인 추천","전라도 지역(ex. 전주, 여수, 순천 등)","여수","충청권에 대한 정보부족","여행지로 잘 안느껴집니다","교통권이 좀 불편하여 자차를 이용해야합니다"
"20대","국내여행","아직 나이가 어려서 돈이 많지 않아 국내라도 여행하고 싶어서","휴양(호캉스 포함)	자연(강,바다,산,호수)","SNS(페이스북, 인스타그램)	지인 추천","경상도 지역(ex. 부산, 대구, 포항 등)","부산","관광지가 부족해서	휴양하기에 적합하지 않아서	충청권에 대한 정보부족","즐길거리가 딱히 없다","대전을 다녀왔는데 빵집말고는 갈곳이 없느넉 같다"
"20대","해외여행","이국적인면모를 많이 경험할 수 있고, 주변 눈치 안보고 맘껏 놀수있음. 일탈의 느낌이 강함.","맛집탐방	즐길거리(카페 및 놀거리 등)	관광지	자연(강,바다,산,호수)","SNS(페이스북, 인스타그램)	블로그	카페","강원도 지역(ex. 속초, 양양, 강릉 등)","양양","즐길거리가 부족해서	관광지가 부족해서	충청권에 대한 정보부족","맛집이 좀 있다.",""
"20대","국내여행","다양한 볼거리 새로운 경험과 문화","즐길거리(카페 및 놀거리 등)	관광지","SNS(페이스북, 인스타그램)","경상도 지역(ex. 부산, 대구, 포항 등)","부산","즐길거리가 부족해서","잘모름","잘"
"20대","해외여행","지금 생활하는 곳과 많이 달라서","즐길거리(카페 및 놀거리 등)	휴양(호캉스 포함)","SNS(페이스북, 인스타그램)	블로그	지인 추천","제주도","서귀포","충청권에 대한 정보부족","여행지로서는 유명하지않다","관광지 부족"
"20대","해외여행","새로운것을 경험할수있다 ","관광지	휴양(호캉스 포함)","SNS(페이스북, 인스타그램)	지인 추천","전라도 지역(ex. 전주, 여수, 순천 등)","여수","휴양하기에 적합하지 않아서	충청권에 대한 정보부족","시골스럽다",""
"20대","해외여행","해외는 우리가 평소에 보지못한 다양한 것을 경험하고 볼 수 있기때문","즐길거리(카페 및 놀거리 등)	쇼핑	휴양(호캉스 포함)	자연(강,바다,산,호수)","SNS(페이스북, 인스타그램)	블로그	책","경상도 지역(ex. 부산, 대구, 포항 등)","부산 ~~젊음의 도시 유후","관광지가 부족해서	휴양하기에 적합하지 않아서","여행으로 가기엔 요즘은 위성도시느낌이라 휴양은 부적절하다고 느낌",""
"20대","해외여행","새로워서","맛집탐방	쇼핑	관광지	휴양(호캉스 포함)","SNS(페이스북, 인스타그램)	책","강원도 지역(ex. 속초, 양양, 강릉 등)","강원도 양양","휴양하기에 적합하지 않아서	충청권에 대한 정보부족","여행지라는 생각이 아예 안든다",""
"20대","해외여행","한국과는 다른 문화를 경험할수있어서요!","즐길거리(카페 및 놀거리 등)	휴양(호캉스 포함)","SNS(페이스북, 인스타그램)	블로그	카페","경상도 지역(ex. 부산, 대구, 포항 등)","경주! 유적지위주로 가보고싶어요!","즐길거리가 부족해서	휴양하기에 적합하지 않아서","사람이 많지 않은 한적한곳! 대표적인 관광지가없는 느낌!","교통편이 불편한것같고 , 관광지가 부족한것같아요!"
"20대","해외여행","이색적인 문화를 느끼며 일상과 분리된 특별한 여행만의 분위기를 만끽할 수 있기 때문","관광지	휴양(호캉스 포함)	문화체험","블로그	책","제주도","우도 여행, 제주에서도 이색적인 관광지로 소문난 곳이 가고 싶습니다 : )","충청권에 대한 정보부족","관광지가 없는 생활하기 좋은 도시","특별히 관광지라고 손꼽을 곳이 없었으며 일상적인 느낌이 다분하였음"
"20대","국내여행","국내여행이 비용적, 심리적 부담이 덜 들고 상대적으로 빠르게 계획을 잡고 다녀올 수 있으며 만족감이 적을 수 있지만 다른 지역에서 오래된 친구를 만나는 등 추억을 회상할 수 있다.","맛집탐방	즐길거리(카페 및 놀거리 등)	관광지	휴양(호캉스 포함)	자연(강,바다,산,호수)	친구, 가족 만나기","SNS(페이스북, 인스타그램)	블로그	지인 추천","경상도 지역(ex. 부산, 대구, 포항 등)","부산에 가 탁트인 바다와 시끌벅적한 번화가, 유명한 맛집 모두 즐기고 싶다.","고향과 학교, 현재 거주지 모두 충청권이라 굳이 여행이 필요없다.","솔직히 볼거리가 많이 부족하다. 대전의 경우 노잼의 도시라는 수식어도 있고 유적지, 관광지, 자연환경이 다른 지역에 비해 부족한 감이 있는데 번화가 또한 뒤쳐진다.","다른 도시에 비해 느긋하다는 이미지때문에 여행을 떠나기에 재미없다는 느낌이 강하다. 물론 좋은 곳도 많지만 유적지 관광지도 부족하고 시골 느낌 강하다. 활동적인 컨텐츠가 필요하다."
"20대","해외여행","색다른 경험을 하기위해","맛집탐방	즐길거리(카페 및 놀거리 등)","SNS(페이스북, 인스타그램)	블로그","경상도 지역(ex. 부산, 대구, 포항 등)","부산시장과 해운대","즐길거리가 부족해서	휴양하기에 적합하지 않아서","여행할만한 곳은 아닌것같아요",""
"10대","국내여행","국내에 아직 못가본 곳이 많아서","맛집탐방	즐길거리(카페 및 놀거리 등)	휴양(호캉스 포함)	자연(강,바다,산,호수)","SNS(페이스북, 인스타그램)","전라도 지역(ex. 전주, 여수, 순천 등)","여수 ","충청권에 대한 정보부족","생소하다",""
"20대","해외여행","문화","관광지","블로그	카페","강원도 지역(ex. 속초, 양양, 강릉 등)","속초","관광지가 부족해서","생소하다","안 가봤어요"
"20대","국내여행","외국 차별 심함","즐길거리(카페 및 놀거리 등)	관광지	휴양(호캉스 포함)	자연(강,바다,산,호수)","SNS(페이스북, 인스타그램)	블로그	지인 추천","제주도","제주도","맛집 탐방할 곳이 없는거 같아서	즐길거리가 부족해서	관광지가 부족해서	쇼핑 하기에 적합하지 않아서	휴양하기에 적합하지 않아서	충청권에 대한 정보부족","별로",""
"20대","국내여행","해외에 비해 비교적 가까운 거리","맛집탐방	즐길거리(카페 및 놀거리 등)	휴양(호캉스 포함)","SNS(페이스북, 인스타그램)	지인 추천","강원도 지역(ex. 속초, 양양, 강릉 등)","강릉","즐길거리가 부족해서	관광지가 부족해서","재미없다",""
"20대","여행을 좋아하지 않음","없음","즐길거리(카페 및 놀거리 등)","여행사 사이트","제주도","해수욕장","충청권에 대한 정보부족","황무지",""
"20대","국내여행","저렴해서","맛집탐방","SNS(페이스북, 인스타그램)	블로그	카페	지인 추천","전라도 지역(ex. 전주, 여수, 순천 등)","여수","즐길거리가 부족해서	관광지가 부족해서","노잼도시","할게 없다"
"20대","해외여행","좀 더 여행가는 기분이 들어서","맛집탐방	즐길거리(카페 및 놀거리 등)	쇼핑","블로그	카페	지인 추천","강원도 지역(ex. 속초, 양양, 강릉 등)","양양","즐길거리가 부족해서	충청권에 대한 정보부족","노잼 ..?",""
"20대","국내여행","돈없음","맛집탐방	즐길거리(카페 및 놀거리 등)	쇼핑","지인 추천","경상도 지역(ex. 부산, 대구, 포항 등)","부산","즐길거리가 부족해서	관광지가 부족해서	휴양하기에 적합하지 않아서	충청권에 대한 정보부족","잘모름",""
"40대","국내여행","편해서-계획없이 갈수있어서","맛집탐방	관광지","블로그	카페","전라도 지역(ex. 전주, 여수, 순천 등)","여수","맛집 탐방할 곳이 없는거 같아서	즐길거리가 부족해서	관광지가 부족해서","특색이없는 느낌. 개성이 없다",""
"40대","국내여행","여행가기가 쉽고 국내도 좋은곳이 많아서","휴양(호캉스 포함)","블로그","제주도","제주도","즐길거리가 부족해서	휴양하기에 적합하지 않아서","단조롭다","휴양할만한곳과 맛집이 부족"
"40대","국내여행","이국적","맛집탐방	관광지","블로그	책","강원도 지역(ex. 속초, 양양, 강릉 등)","강릉","관광지가 부족해서","관광지아닌 느낌",""
"20대","해외여행","새로운 풍경을 보고싶음","관광지	휴양(호캉스 포함)	자연(강,바다,산,호수)","SNS(페이스북, 인스타그램)	블로그	지인 추천","제주도","애월읍","즐길거리가 부족해서	관광지가 부족해서	휴양하기에 적합하지 않아서	충청권에 대한 정보부족","휴양의 이미지가 전혀 없음","정보 부족"
"20대","해외여행","색다른 기분 so good","휴양(호캉스 포함)","youtube ","경상도 지역(ex. 부산, 대구, 포항 등)","busan","관광지가 부족해서","not bad","일단 충청남도 서산은 제 고향으로써 그근처는 제 나와바린데요 경험상 바다가 많으나 바다만 많다는게 아쉽달까?뭐 다른 지역은 i don't know ^^"
"50대","국내여행","바로 떠날수있어서","자연(강,바다,산,호수)","블로그","강원도 지역(ex. 속초, 양양, 강릉 등)","속초","충청권에 대한 정보부족","특별히 유명한곳이 떠오르지 않는다","여행후에도 딱히 기억에 남는곳이 없을정도로 밋밋하다"
"50대","국내여행","가기 편하고 아직 못 가본국내  곳곳을 가보고  싶어서","맛집탐방	관광지	자연(강,바다,산,호수)","블로그","경상도 지역(ex. 부산, 대구, 포항 등)","거제도 .남해","관광지가 부족해서	휴양하기에 적합하지 않아서","가깝고 한적하고 평범함.","조용한 지역 분위기가 다소 심심하게 느껴질수도 있음"
"50대","국내여행","가기 편하고 아직 못 가본국내  곳곳을 가보고  싶어서","맛집탐방	관광지	자연(강,바다,산,호수)","블로그","경상도 지역(ex. 부산, 대구, 포항 등)","거제도 .남해","관광지가 부족해서	휴양하기에 적합하지 않아서","가깝고 한적하고 평범함.","조용한 지역 분위기가 다소 심심하게 느껴질수도 있음"
"20대","해외여행","해외여행이 더 새롭게 느껴지기 때문!","쇼핑	관광지	휴양(호캉스 포함)","블로그	카페	책	여행사 사이트","경상도 지역(ex. 부산, 대구, 포항 등)","바닷가, 도심","충청권에 대한 정보부족","별로 볼거 없는 곳",""
"20대","해외여행","완전히 다른 문화","맛집탐방	관광지","책","전라도 지역(ex. 전주, 여수, 순천 등)","여수","여행에서 충청권이 연상되지 않음 (ex) 내일로 하면 여수, 부산이 떠오르듯","딱히...",""
"20대","해외여행","국내보다 새로운 경험을 할 수 있어서","맛집탐방	즐길거리(카페 및 놀거리 등)	쇼핑	관광지	휴양(호캉스 포함)	자연(강,바다,산,호수)","SNS(페이스북, 인스타그램)	책	지인 추천	여행사 사이트","경상도 지역(ex. 부산, 대구, 포항 등)","부산","충청권에 대한 정보부족","놀게 없다",""
"20대","해외여행","해외에 더 예쁜 곳이 많아서","맛집탐방	즐길거리(카페 및 놀거리 등)	자연(강,바다,산,호수)","SNS(페이스북, 인스타그램)	블로그	카페","제주도","제주도 전체 다","즐길거리가 부족해서	관광지가 부족해서	휴양하기에 적합하지 않아서","갈 곳이 그렇게 많지 않다",""
"20대","해외여행","국내도 좋지만 여행이란 단어에 더욱 근접한건 해외","휴양(호캉스 포함)","블로그	카페	지인 추천","강원도 지역(ex. 속초, 양양, 강릉 등)","속초","충청권에 산다","노잼","할게없다"
"20대","여행을 좋아하지 않음","없음","맛집탐방	휴양(호캉스 포함)	자연(강,바다,산,호수)","SNS(페이스북, 인스타그램)	블로그","강원도 지역(ex. 속초, 양양, 강릉 등)","양양횡성","충청권에 대한 정보부족","잘 모르겠다",""
"20대","해외여행","국내는 어렸을 때부터 너무 많이 다녀서 새로운 곳을 가보고 싶어서요 국내도 싫어하진 않지만 가끔 너무 그냥 집 같아서... 새로운 해외가 좋아요","맛집탐방	즐길거리(카페 및 놀거리 등)	휴양(호캉스 포함)	자연(강,바다,산,호수)","SNS(페이스북, 인스타그램)	블로그	지인 추천","강원도 지역(ex. 속초, 양양, 강릉 등)","동해 바다 쭉 훑고 싶어요","즐길거리가 부족해서	휴양하기에 적합하지 않아서	그냥 맨날 가는 동네 간 것 같아요 바다 가는 거 아니면","돈 절약할 때 가는 곳 아니면 그냥 중간지점으로서? 근데 여행지로서 메리트는 전혀 모르겠어요","충청 여행도 꽤 많이 갔는데 바다 가는 거 아니면 그냥 나들이 가는 느낌이에요 그리고 숙소가 너무너무 없어요 그게 제일 문제임 모텔 말고는 진짜 별로 없어요 바다 아니면"
"20대","국내여행","정보도 많고 말도 잘통하고 가기 쉬우니까","즐길거리(카페 및 놀거리 등)	관광지	자연(강,바다,산,호수)","SNS(페이스북, 인스타그램)	블로그	카페","제주도","제주도 어디든","즐길거리가 부족해서	관광지가 부족해서	충청권에 대한 정보부족","고려를 해본 적이 없다","세종은 놀거리가 많이 부족하다"
"20대","해외여행","새로운 문화 음식 사람들을 만나다보면 여러가지로 도움이 되요","맛집탐방	즐길거리(카페 및 놀거리 등)	쇼핑	관광지	휴양(호캉스 포함)","그냥 가고싶은데 정해서 막무가내로 출발","제주도","제주도","교통편이 불편해서","생소한여행지에요",""
"20대","국내여행","해외여행은 교통비가... 너무 많이들어요 + 언어의 장벽","휴양(호캉스 포함)	자연(강,바다,산,호수)","SNS(페이스북, 인스타그램)	블로그	지인 추천","강원도 지역(ex. 속초, 양양, 강릉 등)","강릉","충청권에 대한 정보부족","갯벌이나 바다가 많이 생각납니다.","특색있는 여행 시그니쳐가 없는 것 같아요."
"20대","해외여행","국내에 비해 해외에 대한 정보가 부족하기 때문에 제대로 즐기기가 힘듦","즐길거리(카페 및 놀거리 등)	관광지","SNS(페이스북, 인스타그램)	블로그	카페","경기도 지역(ex. 가평, 파주, 수원 등)","바평","교통편이 불편해서	사는 곳에 비해 멀다는 인식이 있어서","노잼노시",""
"20대","해외여행","국내갈바에 해외감","맛집탐방	즐길거리(카페 및 놀거리 등)	쇼핑	관광지","SNS(페이스북, 인스타그램)	블로그	카페","제주도","전체","맛집 탐방할 곳이 없는거 같아서	즐길거리가 부족해서	관광지가 부족해서	쇼핑 하기에 적합하지 않아서	교통편이 불편해서	휴양하기에 적합하지 않아서	충청권에 대한 정보부족","안감",""
"20대","해외여행","더 다양한 관광지와 분위기","맛집탐방	관광지","SNS(페이스북, 인스타그램)	블로그	여행사 사이트","강원도 지역(ex. 속초, 양양, 강릉 등)","속초","즐길거리가 부족해서	관광지가 부족해서	휴양하기에 적합하지 않아서","별 특징이 없는 느낌",""
"20대","여행을 좋아하지 않음","없음","맛집탐방","SNS(페이스북, 인스타그램)	블로그","전라도 지역(ex. 전주, 여수, 순천 등)","여수순천","맛집 탐방할 곳이 없는거 같아서	충청권에 대한 정보부족","다른곳은 잘 모르겠고 대전은 성심당말고 할게없다고 들었다.",""
"10대","해외여행","한국은 별 볼게 없습니다","문화 탐방","SNS(페이스북, 인스타그램)	카페","경기도 지역(ex. 가평, 파주, 수원 등)","파주 도토리전이 맛있습니다","학교가 충남에 있어서","공기가 맑을 것 같다",""
"20대","해외여행","비행기 타고 떠나는게 좋아요..","맛집탐방	관광지	휴양(호캉스 포함)","SNS(페이스북, 인스타그램)	블로그","제주도","성산, 함덕","충청권에 대한 정보부족","대전은 카페만 많다는 느낌이고 단양 말고는 여행지로 별로 유명하진 않은 것 같아요..","단양 다녀왔는데 맛집을 많이 못본거같아요"
"20대","해외여행","다른 문화..다른 환경..다른 음식..","맛집탐방	즐길거리(카페 및 놀거리 등)	관광지	휴양(호캉스 포함)	자연(강,바다,산,호수)","SNS(페이스북, 인스타그램)	블로그	지인 추천	유튜브","제주도","한라산 .. 올레길 ..많은 카페 ..아름다운 자연환경","맛집 탐방할 곳이 없는거 같아서	즐길거리가 부족해서	관광지가 부족해서	휴양하기에 적합하지 않아서","대전-고향으로써 놀거리가 부족하다는 것을 인정합니다 ,세종-개발중이기는 하나 아직 놀거리가 부족 ,충북,충남-산이 많고 논이 많은 지역","대전-진짜로 놀거리가 없습니다 낡은 건물, 좁은 길 세종-개발중이기는 하나 아직 부족 횡하다, 충북 -산뿐입니다 충남-녹차밭 대나무 숲등 그나마 충남쪽이 더욱 좋지만 서비스 부족"
"20대","해외여행","국내는 서울이 볼거 젤 많다","맛집탐방	즐길거리(카페 및 놀거리 등)	관광지	휴양(호캉스 포함)	자연(강,바다,산,호수)","SNS(페이스북, 인스타그램)	블로그	카페	지인 추천	여행사 사이트","전라도 지역(ex. 전주, 여수, 순천 등)","순천","즐길거리가 부족해서	교통편이 불편해서	휴양하기에 적합하지 않아서	충청권에 대한 정보부족","재미없다",""
"20대","해외여행","낯선 환경에서 이색적인 문화를 감상하는것이 좋아서","맛집탐방	휴양(호캉스 포함)	자연(강,바다,산,호수)","SNS(페이스북, 인스타그램)	지인 추천","강원도 지역(ex. 속초, 양양, 강릉 등)","속초","경기도를 제하고 서울과 인접하기때문에 자주 갑니다, 다른 곳을 더 가보고 싶네요","안면도 사구나 만리포 카페거리 등 괜찮은 스팟이 많다고 생각합니다",""
"20대","국내여행","빠른 인터넷, 소매치기로부터 안전","맛집탐방	휴양(호캉스 포함)","블로그	지인 추천","경상도 지역(ex. 부산, 대구, 포항 등)","부산","청주 세종에 거주경험 유. 이미 마스터...","노잼도시 대전, 세종이랑 청주는 본가라서 딱히...",""
"20대","해외여행","새로운 경험과 이질적 볼거리","맛집탐방	관광지	자연(강,바다,산,호수)","SNS(페이스북, 인스타그램)	책	지인 추천","강원도 지역(ex. 속초, 양양, 강릉 등)","동해","즐길거리가 부족해서	관광지가 부족해서","딱히 할게 없다. ","굳이 가진 않는다. 서울에서 충분히 할 수 있는것들이다."
"20대","해외여행","더 많은 것을 보고 느낄 수 있어서","맛집탐방	관광지	자연(강,바다,산,호수)","블로그	카페	지인 추천","제주도","제주도","즐길거리가 부족해서	관광지가 부족해서","특별히 가볼만한 곳이 없다.",""
"20대","국내여행","국내부터 가보고 해외 가고싶어요!!","즐길거리(카페 및 놀거리 등)	휴양(호캉스 포함)","SNS(페이스북, 인스타그램)	블로그	지인 추천","강원도 지역(ex. 속초, 양양, 강릉 등)","바닷가쪽으로 가고싶어요!","다른장소를 더 가보고 싶어요","다른 지역보다는 알려지지않은 느낌이에요",""
"20대","해외여행","가본 적 없어서","맛집탐방	즐길거리(카페 및 놀거리 등)	쇼핑	관광지	휴양(호캉스 포함)	자연(강,바다,산,호수)","SNS(페이스북, 인스타그램)","경기도 지역(ex. 가평, 파주, 수원 등)","가평","충청권에 대한 정보부족","할 게 없다",""
"20대","해외여행","신선해서","맛집탐방	즐길거리(카페 및 놀거리 등)	쇼핑	관광지	휴양(호캉스 포함)","블로그	카페","경상도 지역(ex. 부산, 대구, 포항 등)","해안가","충청권에 대한 정보부족","떠오르는게 없다",""
"20대","해외여행","다양한 체험, 다양한 사람, 색다른 환경","맛집탐방	쇼핑	휴양(호캉스 포함)","SNS(페이스북, 인스타그램)	지인 추천","강원도 지역(ex. 속초, 양양, 강릉 등)","강릉 경포대","충청권에 대한 정보부족","일하는곳, 놀거리 없고",""
"20대","국내여행","말이 통해서 좋아하는데 개새끼들은 못알아듣는거 똑같음","관광지	자연(강,바다,산,호수)	여기저기 구경해 보려고","뇌피셜로 합니다.","서울","서울은 여기저기 볼게 많으니까?","충청권에 대한 정보부족","버스로 거쳐가는 세이브 포인트정도?","국내는 다 그렇지만 유달리 볼게 없다고 느껴졌습니다."
"20대","해외여행","국내와 해외는 분위기가 달라서","맛집탐방	관광지	자연(강,바다,산,호수)","책	유튜브","경상도 지역(ex. 부산, 대구, 포항 등)","부산","관광지가 부족해서	충청권에 대한 정보부족	부산하면 마린시티 딱 떠오르지만 충청권은 딱히 생각안남","굳이? 여길? ","충남 논산. 그 숙소는 난방이 안됐던게 아직도 기억에 남습니다. 숙소 이름이 25연대였네요. "
"20대","해외여행","한국에서 보지 못하는 새로운 풍경이 좋아서","쇼핑	관광지	휴양(호캉스 포함)	자연(강,바다,산,호수)","SNS(페이스북, 인스타그램)	블로그	지인 추천","강원도 지역(ex. 속초, 양양, 강릉 등)","동해 !","즐길거리가 부족해서	관광지가 부족해서	교통편이 불편해서	휴양하기에 적합하지 않아서","여행지로 적합하다는 생각을 해본적이 없는것 같다","별로 할게 없었어요 ...."
"20대","해외여행","새로운 경험","맛집탐방	휴양(호캉스 포함)","SNS(페이스북, 인스타그램)	블로그	지인 추천","강원도 지역(ex. 속초, 양양, 강릉 등)","속초 바닷가","맛집 탐방할 곳이 없는거 같아서	관광지가 부족해서	충청권에 대한 정보부족","정보가 부족하고 다른 지역에 비해 특색이 부족하다",""
"40대","국내여행","비용이 적게들고 여유롭게 볼수있다","맛집탐방	즐길거리(카페 및 놀거리 등)	자연(강,바다,산,호수)","블로그","강원도 지역(ex. 속초, 양양, 강릉 등)","속초","관광지가 부족해서"," 볼거리가 없을것 같다","볼거리가 없었다~~"
"20대","국내여행","국내에도 볼 것이 많고 해외는 비싸기 때문에","맛집탐방	즐길거리(카페 및 놀거리 등)	관광지	자연(강,바다,산,호수)","SNS(페이스북, 인스타그램)	지인 추천","경상도 지역(ex. 부산, 대구, 포항 등)","부산","충청에 살고 있기 때문에..?","어디를 가야할지 모르겠을 정도로 홍보가 안돼있는 느낌","없습니다"
"20대","국내여행","해외는 비싸자너~~","맛집탐방	관광지	자연(강,바다,산,호수)","SNS(페이스북, 인스타그램)	블로그	지인 추천","제주도","제주도 해변이자너~","맛집 탐방할 곳이 없는거 같아서	즐길거리가 부족해서	관광지가 부족해서	쇼핑 하기에 적합하지 않아서	교통편이 불편해서	휴양하기에 적합하지 않아서	충청권에 대한 정보부족","노잼도시","다른지역에비해 놀거리 부족"
"60대이상","국내여행","시간편리","자연(강,바다,산,호수)","지인 추천","강원도 지역(ex. 속초, 양양, 강릉 등)","강원전역골고루..가까와니까..","전국다하고픈데 한개만고르게 되어있어서","가까워 여유롭고 고향가는 느낌이다","없음"
"20대","해외여행","체력이 좋을 때 해외를 많이 다녀둬야한다고 생각한다","맛집탐방	관광지	휴양(호캉스 포함)","블로그	지인 추천","전라도 지역(ex. 전주, 여수, 순천 등)","여수","맛집 탐방할 곳이 없는거 같아서	관광지가 부족해서	휴양하기에 적합하지 않아서","조용한 이미지",""
"20대","해외여행","새로운 문화","맛집탐방	관광지","SNS(페이스북, 인스타그램)	블로그","경상도 지역(ex. 부산, 대구, 포항 등)","부산 해운대","충청권에 대한 정보부족","잘모름",""
"20대","해외여행","외국인 만나는것도 좋고 영어를 써보는것,다른 문화를 보고 느끼는것이 좋으며 한국에서의 피곤한 상황들을 떼어두고 더 자유로운 기분이 든다.","휴양(호캉스 포함)	인생샷","SNS(페이스북, 인스타그램)	블로그	책","제주도","제주도 방방곳곳 하루살기","기타 더 가고싶고 끌리는 제주,부산,강릉 등을 먼저 여행하고싶다","잘 모르겠다. 일단 오션뷰가 없는게 최대단점.",""
"50대","해외여행","새로움","관광지","SNS(페이스북, 인스타그램)	블로그	책","전라도 지역(ex. 전주, 여수, 순천 등)","전주","즐길거리가 부족해서","심심함",""
"20대","국내여행","해외는 언어걱정되니까","휴양(호캉스 포함)	자연(강,바다,산,호수)","지인 추천","제주도","바닷가","즐길거리가 부족해서	충청권에 대한 정보부족","즐길거리가 있는지 모름",""
"20대","국내여행","짧게 즐기기 좋은 거 같습니다","즐길거리(카페 및 놀거리 등)	쇼핑	휴양(호캉스 포함)","블로그	지인 추천","강원도 지역(ex. 속초, 양양, 강릉 등)","드 넓은 산을 보고싶습니다","관광지가 부족해서	충청권에 대한 정보부족","자연 휴양지가 부족한 인식이 있습니다.",""
"50대","국내여행","외국못지않게 좋은곳과 안가본곳이 많아서","휴양(호캉스 포함)","블로그	여행사 사이트","강원도 지역(ex. 속초, 양양, 강릉 등)","동해바다","휴양하기에 적합하지 않아서","그쪽으로  잘안가서 그런지 정보가 부족","없음"
"20대","해외여행","낯선 곳에서의 즐거음","즐길거리(카페 및 놀거리 등)	쇼핑	휴양(호캉스 포함)","SNS(페이스북, 인스타그램)","제주도","애월 바다","교통편이 불편해서","즐길거리가 많지 않다고 느껴진다",""
"20대","해외여행","자주 가지는 못하지만 우리나라랑 다른 분위기를 느낄수있어서","맛집탐방	즐길거리(카페 및 놀거리 등)	쇼핑	관광지	휴양(호캉스 포함)","SNS(페이스북, 인스타그램)	블로그	지인 추천","경상도 지역(ex. 부산, 대구, 포항 등)","광안리 서면","충청권에 대한 정보부족","익숙하지 않다",""
"20대","국내여행","국내랑 해외 둘 다 좋지만 국내에서 말이 더 잘 통해서","맛집탐방	즐길거리(카페 및 놀거리 등)	휴양(호캉스 포함)","SNS(페이스북, 인스타그램)	블로그","경상도 지역(ex. 부산, 대구, 포항 등)","부산","즐길거리가 부족해서	관광지가 부족해서	충청권에 대한 정보부족","충청권에 대한 정보를 잘 모르기도 하고 많이 알려져있는 것 같지가 않아서 여행지로서는 다른 지역권보다 덜 이슈적인 것 같다.",""
"20대","해외여행","여행지의 폭이 넓어서","맛집탐방	즐길거리(카페 및 놀거리 등)	쇼핑	관광지	휴양(호캉스 포함)","SNS(페이스북, 인스타그램)	블로그	카페	지인 추천","전라도 지역(ex. 전주, 여수, 순천 등)","여수","즐길거리가 부족해서	관광지가 부족해서	충청권에 대한 정보부족","관광지가 부족하고 딱히 할게 없는 곳",""
"50대","국내여행","여행준비의 편리성","관광지	자연(강,바다,산,호수)","블로그	지인 추천","강원도 지역(ex. 속초, 양양, 강릉 등)","속초","관광지가 부족해서	휴양하기에 적합하지 않아서","여행지로 다소 부적합한 이미지",""
"20대","해외여행","더 다양하고 새롭게 재미있음","맛집탐방	즐길거리(카페 및 놀거리 등)	쇼핑	휴양(호캉스 포함)	자연(강,바다,산,호수)","SNS(페이스북, 인스타그램)	블로그	카페	지인 추천","제주도","제주도 맛집 탐방","맛집 탐방할 곳이 없는거 같아서	즐길거리가 부족해서	관광지가 부족해서	쇼핑 하기에 적합하지 않아서	교통편이 불편해서	휴양하기에 적합하지 않아서","할게 상대적으로 많이 적은 도시","여행을 오기엔 너무 할게 없다고 느낌"
"20대","해외여행","새로운 환경을 도전하는게 좋아요!","맛집탐방	관광지	자연(강,바다,산,호수)","SNS(페이스북, 인스타그램)	블로그","강원도 지역(ex. 속초, 양양, 강릉 등)","양양! 그냥 깨끗한 동해바다가 보고싶어요","충천권에 살아서","음,,,, 별로 유명하지 않은,,","시설이 낙후된 곳이 많다"
"20대","해외여행","국내 여행지보다 해외 여행지가 경험해보지 못한 것들이 많아서","맛집탐방	즐길거리(카페 및 놀거리 등)	관광지	관광지가 1차적으로 중요하긴 하지만 유명한 맛집이나 즐길거리가 있어야 결과적으로 그곳으로 여행지를 고르게 되는 것 같습니다.","블로그	카페","경상도 지역(ex. 부산, 대구, 포항 등)","부산 ( 워낙 여행지로 유명하기 때문에 )","즐길거리가 부족해서	관광지가 부족해서	충청권에 대한 정보부족	맛집은 어디에나 있긴 있겠지만 충청도에 어떤음식이 유명한지, 어떤 즐길거리나 볼 거리가 유명한지 하나도 제대로 아는게 없어서 여행지로 고르지 않는 것 같습니다.","대전같은 경우도 재미없는 도시라는 이미지가 있을정도로 여행지로서는 그다지 생각되지않는 것 같습니다.",""
"20대","여행을 좋아하지 않음","해외에서만 느껴지는 특색이 있어서 .다양한문화를 접하고싶고 외국인들과 소통하고싶음 ","휴양(호캉스 포함)","SNS(페이스북, 인스타그램)","제주도","제주도_우도 가고싶다","즐길거리가 부족해서	관광지가 부족해서	교통편이 불편해서","너무 멀고 딱히 구경할거리가 없는거 같다","거리가 멀어 가족여행으로 차타고 가는게 아니라면 친구들 끼리 가기에는 부담감이 있다"
"20대","해외여행","새롭다","자연(강,바다,산,호수)","하지않는다","강원도 지역(ex. 속초, 양양, 강릉 등)","양양","즐길거리가 부족해서","특출나지않았다","항상 무언가가 부족하다"
"20대","해외여행","비행기타는거 좋아하고 다른나라의 그 분위기를 즐기는것을 좋아하며 기억,여운이 오래남는다","맛집탐방	즐길거리(카페 및 놀거리 등)	휴양(호캉스 포함)	자연(강,바다,산,호수)","블로그	카페	책	지인 추천","강원도 지역(ex. 속초, 양양, 강릉 등)","강릉","즐길거리가 부족해서	관광지가 부족해서	쇼핑 하기에 적합하지 않아서	교통편이 불편해서	휴양하기에 적합하지 않아서	충청권에 대한 정보부족","즐길거리는 없고 카페,밥집은 있는거 같다. 관광지로 잘 안알려져서 정보가 없는 듯한 생각이 든다.","교통이 불편하고 여행후기와같은 여행관련정보가 없다."
"20대","해외여행","볼거리가많고 기분이좋음","맛집탐방	즐길거리(카페 및 놀거리 등)	쇼핑	관광지	휴양(호캉스 포함)","SNS(페이스북, 인스타그램)	블로그	지인 추천","제주도","애월쪽","즐길거리가 부족해서	관광지가 부족해서	휴양하기에 적합하지 않아서","뭐가있을까? 라는 생각이 먼저들어요.",""
"20대","해외여행","색다른 문화 및 새로운 소비 패턴이 좋습니다.","맛집탐방	즐길거리(카페 및 놀거리 등)	자연(강,바다,산,호수)","SNS(페이스북, 인스타그램)	블로그	지인 추천","전라도 지역(ex. 전주, 여수, 순천 등)","여수 및 거제 지역 해상 레저가 잘 되어있고 먹거리가 맛있다길래 다녀오고 싶습니다.","즐길거리가 부족해서	휴양하기에 적합하지 않아서","노잼...? 사람사는 지역이지 여행지로써의 매력은 크게 못 느낀 것 같습니다.","청주 세종 대전 다녀왔습니다. 세 곳 다 서울의 열화판 같은 느낌을 받았습니다. 상권이 발달해있지만 여행지로써 이거다!하는 매력은 부족했던 것 같습니다. "
"20대","국내여행","비행기 떨어질까봐 무서움","즐길거리(카페 및 놀거리 등)	쇼핑	관광지	휴양(호캉스 포함)","SNS(페이스북, 인스타그램)","서울","경복궁","맛집 탐방할 곳이 없는거 같아서	즐길거리가 부족해서	관광지가 부족해서	쇼핑 하기에 적합하지 않아서	교통편이 불편해서	휴양하기에 적합하지 않아서	충청권에 대한 정보부족","별로입니다",""
"20대","해외여행","새로운 문화,음식,언어를 경험하고 싶음","맛집탐방	즐길거리(카페 및 놀거리 등)	쇼핑	관광지","SNS(페이스북, 인스타그램)	블로그	지인 추천","경상도 지역(ex. 부산, 대구, 포항 등)","경주","맛집 탐방할 곳이 없는거 같아서	즐길거리가 부족해서	관광지가 부족해서","이월드, 상당산성, 엑스포 등 관광 명소만 알려져 있을 뿐 지역 자체는 여행지로서 이미지는 없는 것 같다.","여행코스가 홍보가 잘 되어있지 않다."
"20대","해외여행","다른나라의 풍경이나 음식을 즐기고 쇼핑이랑 관광지를 가고싶어서","맛집탐방	즐길거리(카페 및 놀거리 등)	쇼핑	관광지	휴양(호캉스 포함)	자연(강,바다,산,호수)","SNS(페이스북, 인스타그램)	블로그	지인 추천","경상도 지역(ex. 부산, 대구, 포항 등)","부산 해운대 ","충청권에 대한 정보부족","청정의도시",""
"20대","해외여행","국내는 한평생 살며 시간이 난다면 여러번 갈 수 있지만 해외여행은 한평생 살며 여러번 갈 수 있는 곳이 아니기에 더 의미 있는 곳이라서","맛집탐방	관광지	휴양(호캉스 포함)","SNS(페이스북, 인스타그램)	지인 추천	여행사 사이트","강원도 지역(ex. 속초, 양양, 강릉 등)","강릉, 속초, 춘천","충청권에 대한 정보부족	충청권보다 강원권을 더 가고 싶어서","이미지가 그려지지 않을정도로 아는 정보가 부족하다",""
"20대","해외여행","해외여행지가 주는 이국적인 매력이 더 커서","맛집탐방	관광지	휴양(호캉스 포함)	자연(강,바다,산,호수)","SNS(페이스북, 인스타그램)	블로그	카페","강원도 지역(ex. 속초, 양양, 강릉 등)","강릉","즐길거리가 부족해서	관광지가 부족해서	휴양하기에 적합하지 않아서	충청권에 대한 정보부족","볼거리 없는 여행지, 애매한 여행지",""
"20대","국내여행","가까워서. 언어가 통해서. ","휴양(호캉스 포함)","SNS(페이스북, 인스타그램)","경상도 지역(ex. 부산, 대구, 포항 등)","부산","충청권에 대한 정보부족","잘 모르겠다. 떠오르는 이미지가없다","마케팅이 부족한것 같다. 최근 세종시가 유망받음에도 불구하고 마케팅이 부족하다"
"20대","여행을 좋아하지 않음","없음","휴양(호캉스 포함)","지인 추천","제주도","제주도","충청권에 대한 정보부족","잘 모르겠습니다.",""
"20대","해외여행","다양한 문화경험이 좋다.","맛집탐방	휴양(호캉스 포함)","SNS(페이스북, 인스타그램)	블로그","제주도","애월쪽 카페 ","충청권에 대한 정보부족","도시의 이미지가 더 강하다.",""
"20대","해외여행","해외는 잘 모르기 때문에 모든것이 생소하고 이색적인 부분들이 많아서","맛집탐방	즐길거리(카페 및 놀거리 등)	관광지	휴양(호캉스 포함)","SNS(페이스북, 인스타그램)	블로그","강원도 지역(ex. 속초, 양양, 강릉 등)","양양(예: 서피비치)","교통편이 불편해서","대전이나 세종은 좀 다르지만 충청도라는 이미지는 아직까지 교통이 불편하고, 시골 느낌이 많이 있다. 시골 지역이라기보단 시골이 많은 곳이라고 인식됩니다.","차가 없으면 다니기 힘든 곳들이 생각보다 많았다. 또한 강원도, 부산, 여수등 다른 관광지에 비해서 같은 돈으로 좀 아쉬운면이 많아 호캉스가 더 날것 같았다."
"20대","국내여행","저렴함","휴양(호캉스 포함)	자연(강,바다,산,호수)","블로그","강원도 지역(ex. 속초, 양양, 강릉 등)","속초 삼척 등등","충청권에 대한 정보부족","잘 모르겠다",""
"20대","해외여행","새로운 문화를 경험하는게 좋아서","맛집탐방	관광지","SNS(페이스북, 인스타그램)	지인 추천","경상도 지역(ex. 부산, 대구, 포항 등)","부산이용","노잼이라","노잼...","아니용.."
"30대","해외여행","일상과는 다른 경험을 즐기기 위해서","맛집탐방	즐길거리(카페 및 놀거리 등)	쇼핑	관광지	휴양(호캉스 포함)","블로그	카페	지인 추천","제주도","제주","맛집 탐방할 곳이 없는거 같아서	즐길거리가 부족해서	관광지가 부족해서	쇼핑 하기에 적합하지 않아서	휴양하기에 적합하지 않아서	충청권에 대한 정보부족","딱히 이미지 없음","너무 한적하고 즐길거리가 없음"
"30대","국내여행","코로나때문에","관광지	휴양(호캉스 포함)	자연(강,바다,산,호수)","SNS(페이스북, 인스타그램)","경상도 지역(ex. 부산, 대구, 포항 등)","바다인접","휴양하기에 적합하지 않아서","그냥 도시느낌",""
"40대","해외여행","새로운 환경을 접할수 있어서","맛집탐방	관광지	자연(강,바다,산,호수)","SNS(페이스북, 인스타그램)	블로그	카페	여행사 사이트","충청도 지역(ex. 청주, 대전, 세종 등)","상주, 문경, 단양, 영주","충청권을 골랐다","조용하고 특산물 있는 도시","특산물을 더 많이 홍보도하고 특화시키면 좋겠음"
"40대","해외여행","새로운 곳에 가는것을 좋아합니다","휴양(호캉스 포함)	자연(강,바다,산,호수)","블로그","제주도","섬","즐길거리가 부족해서	관광지가 부족해서	충청권에 대한 정보부족","생각해본적없다",""
"30대","해외여행","해외 갈 돈이나 국내 가는 돈이나 비슷함","맛집탐방	즐길거리(카페 및 놀거리 등)	휴양(호캉스 포함)	유흥","SNS(페이스북, 인스타그램)	블로그	카페","경상도 지역(ex. 부산, 대구, 포항 등)","부산","관광지가 부족해서	휴양하기에 적합하지 않아서","3대 노잼도시","관광지가 없다 대전가서 빵만 먹고옴"
"30대","해외여행","해외여행이 더 저렴/ 다양한 문화체험","맛집탐방	즐길거리(카페 및 놀거리 등)	쇼핑	관광지	휴양(호캉스 포함)","SNS(페이스북, 인스타그램)	블로그	카페	지인 추천	여행사 사이트","강원도 지역(ex. 속초, 양양, 강릉 등)","양양 고성","즐길거리가 부족해서	관광지가 부족해서	휴양하기에 적합하지 않아서	충청권에 대한 정보부족","여행지의 의미가 없다.. 유명한 관광지 부족","즐길거리 부족. 유명한거 부족 홍보부족 지원부족"
"30대","국내여행","없음","맛집탐방	즐길거리(카페 및 놀거리 등)	쇼핑","블로그	카페","강원도 지역(ex. 속초, 양양, 강릉 등)","강릉","즐길거리가 부족해서	관광지가 부족해서	쇼핑 하기에 적합하지 않아서","너무 특색이 없는 것 같아요 ",""
"30대","해외여행","우리나라에는 즐길 수 없는게 많아서 ","쇼핑	휴양(호캉스 포함)","SNS(페이스북, 인스타그램)	블로그	여행사 사이트","제주도","우도","쇼핑 하기에 적합하지 않아서","재미가 없어요 ","쇼핑에 적합하지 않네요 "
"30대","국내여행","국내여행이 시간과 돈이 절약됨","자연(강,바다,산,호수)","지인 추천","전라도 지역(ex. 전주, 여수, 순천 등)","여수 ","휴양하기에 적합하지 않아서","그냥 너무 단조롭기만 하다 ",""
"30대","국내여행","바로 떠날 수 있어서 ","관광지	휴양(호캉스 포함)","블로그	여행사 사이트","경기도 지역(ex. 가평, 파주, 수원 등)","가평 남이섬","관광지가 부족해서	휴양하기에 적합하지 않아서","특색있는 관광지가 없다","교통이 불편하다"
"30대","국내여행","돈이 절약됨","즐길거리(카페 및 놀거리 등)	쇼핑","SNS(페이스북, 인스타그램)","서울","백화점 ","쇼핑 하기에 적합하지 않아서","그냥 그래요 ","쇼핑타운이 부족해요 "
"30대","해외여행","다양한 나라의 문화를 즐길 수 있음","쇼핑	관광지","SNS(페이스북, 인스타그램)	블로그	카페	책	지인 추천	여행사 사이트","전라도 지역(ex. 전주, 여수, 순천 등)","전주 ","맛집 탐방할 곳이 없는거 같아서","맛집을 가려고 굳이굳이 찾아가기에는 시간과 돈이 아까움 차라리 다른 지역에 있는 맛집 가서 관광도 하고 여러가지 하겠음 ",""
"30대","국내여행","영어를 못해서 국내여행 선호 ","즐길거리(카페 및 놀거리 등)	자연(강,바다,산,호수)","블로그","충청도 지역(ex. 청주, 대전, 세종 등)","청주 ","충청권을 골랐다","그냥 그렇다 친척 있어서 가는거지 솔직히 재미는 없다 여행지로서 비추천","그냥 하루잡고 놀기에는 괜찮은데 몇박몇일 있기에는 시간 아까움 "
"30대","해외여행","물가 싼 나라 가서 flex하기 좋음 ","맛집탐방	즐길거리(카페 및 놀거리 등)	쇼핑","SNS(페이스북, 인스타그램)	지인 추천	여행사 사이트","제주도","애월 ","휴양하기에 적합하지 않아서","음 바다가 없고 호텔도 그저 그래요 ","랜드마크로 불릴만한 고급 호텔이 생기면 좋겠어요 "
"30대","국내여행","이웃나라에 돈 쓰기 싫어서 ","즐길거리(카페 및 놀거리 등)	쇼핑	휴양(호캉스 포함)","SNS(페이스북, 인스타그램)	블로그	책","경상도 지역(ex. 부산, 대구, 포항 등)","부산 해운대 ","휴양하기에 적합하지 않아서	충청권에 대한 정보부족","딱히 정보가 없네요 ","인터넷에 검색했을 때 끌릴만한 정보가 더 나왔으면 좋겠어요 "
"30대","해외여행","면세점에서 면세 받으려고 ","맛집탐방	즐길거리(카페 및 놀거리 등)	쇼핑","블로그	카페	지인 추천	여행사 사이트","제주도","제주신라호텔에서 호캉스 ","즐길거리가 부족해서	쇼핑 하기에 적합하지 않아서	충청권에 대한 정보부족","별로에요 ",""
"30대","국내여행","제주도 러버라서 ","즐길거리(카페 및 놀거리 등)	자연(강,바다,산,호수)","SNS(페이스북, 인스타그램)	블로그	지인 추천	여행사 사이트","제주도","제주 한라산","즐길거리가 부족해서	관광지가 부족해서	휴양하기에 적합하지 않아서	충청권에 대한 정보부족","그냥 평화롭다","저는 sns로 맛집같은거 찾는데 그런 정보가 부족해요 "
"30대","해외여행","대한민국에 안주하지 않고 견문을 넓힐 수 있다","맛집탐방	관광지","SNS(페이스북, 인스타그램)	카페	여행사 사이트","충청도 지역(ex. 청주, 대전, 세종 등)","대전 ","충청권을 골랐다","솔직히 당일치기로 갔다오기에 제일 적합한 것 같아요 ",""
"40대","국내여행","시간적 장소적 접근성이 좋다","맛집탐방	즐길거리(카페 및 놀거리 등)	휴양(호캉스 포함)","SNS(페이스북, 인스타그램)	블로그	지인 추천","전라도 지역(ex. 전주, 여수, 순천 등)","여수, 남해","즐길거리가 부족해서	관광지가 부족해서	충청권에 대한 정보부족","산이 많다","먹거리가 노년층 중심이다"
"30대","해외여행","다른나라 문화 경험 ","관광지	휴양(호캉스 포함)	자연(강,바다,산,호수)","블로그	책","제주도","제주도 해안..","휴양하기에 적합하지 않아서	충청권에 대한 정보부족","여행보단 출장으로 갈 것 같음 ",""
"30대","국내여행","아무때나 훌쩍 떠날수 있음. 여행계획을 짜기 편함","맛집탐방	즐길거리(카페 및 놀거리 등)	관광지	자연(강,바다,산,호수)","SNS(페이스북, 인스타그램)	블로그	지인 추천","강원도 지역(ex. 속초, 양양, 강릉 등)","강릉, 속초","즐길거리가 부족해서	관광지가 부족해서	충청권에 대한 정보부족","다른 지역들에 비해 특색이 없는 느낌","볼거리가 없는게 아닌데 홍보가 덜 된 느낌이였다 (공주 여행경험 있음)"
